cohort,n,events,genes_available,genes_total,c_index,HR,HR_lower,HR_upper,cox_p,logrank_p
TCGA-LIHC (train),302,129,10,10,0.6956401892773464,2.492969576358859,1.7362620298396316,3.5794696893906632,7.446262019707298e-07,3.2082426307992983e-07
GSE14520,221,85,9,10,0.6178086152067072,2.187107221607996,1.3997811874191532,3.4172755297771307,0.0005881014527165595,0.0004261590587952105
ICGC_LIRI-JP,229,43,7,10,0.6679923405508912,2.396635509653587,1.2706382389594948,4.520454044288849,0.00693848345378366,0.0054643050170754695
GSE76427,115,23,10,10,0.4202476329206118,0.8141914738071032,0.3550069087692746,1.8673094512958297,0.6274102912179657,0.6282355548344638
