metric,value,p_value
Spearman_rho,0.48101566679964025,3.9985796763343937e-19
Pearson_r,0.44211717317853727,4.482999226352955e-16
n_patients,306.0,
n_events,129.0,
