cohort,n,events,ros_genes_avail,alt_genes_avail,c_index_ros,c_index_alt,c_index_combined,logrank_p_overall,logrank_p_A_vs_D,HR_A_vs_D,HR_lower,HR_upper,cox_p_A_vs_D,cox_p
GSE14520,221,85,10.0,9.0,0.5944637178375253,0.6351546689794738,0.6354437698756866,0.0074884630499359,0.0005234412420149,2.5793355831503906,1.4804732780015504,4.493814342590787,0.0008223739448157,
GSE76427,115,23,,,0.3860160233066278,0.5848506919155134,0.4887108521485797,0.1804383736526267,0.6583383522292414,1.2735522809854605,0.4350794898634695,3.7279059348723655,,0.6590182870046316
GSE10141,80,32,8.0,9.0,0.4235085646780862,0.4583579444772593,0.4235085646780862,0.3343582195461932,0.2825159042479556,0.6284590392152204,0.2671892756182262,1.478205901256524,0.2871597086462874,
ICGC_LIRI-JP,229,43,11.0,0.0,0.658859920459567,,0.658859920459567,0.002422802090824588,0.002422802090824588,2.617909945294336,1.3745734479532155,4.98587579432442,0.003413047709444007,
