group,n,immunophenoscore_mean,immunophenoscore_std,effector_mean,checkpoint_mean,cytolytic_mean,cytolytic_std
Cold-Quiescent,116,-0.10608413789593521,0.3814950795628115,-0.4018622989607982,-0.2957781610648631,53.65946072615998,32.7342354347505
HMOX2-Driven,39,0.03722853394355485,0.11899418787857641,-0.3152870821900554,-0.35251561613361015,90.46406279514187,44.182003390297105
Immune-Active,53,0.2065120100912862,0.7476393184737047,1.3952664554352252,1.1887544453439394,501.7259185921338,373.8701304488044
Immune-Active-4,65,0.058870902498158593,0.16227213794472253,-0.08201710899073722,-0.1408880114888958,161.3744668464751,73.58573132416008
NRF2-Dominant,29,-0.13509993189960787,0.31351912467772086,-0.3346823161656644,-0.19958238426605657,74.99193471542273,49.038211884084966
