{
  "model_type": "LASSO-Cox convergence signature",
  "penalizer": 0.07,
  "l1_ratio": 1.0,
  "n_candidate_genes": 20,
  "genes": {
    "G6PD": 0.08995407850719575,
    "GLRX2": 0.05054902338545818,
    "GRB2": 0.009536698401514228,
    "HMOX2": -0.021499633216351576,
    "LDHA": 0.12445587432867682,
    "MAFG": 0.1644348065243751,
    "MSRA": -0.06818380887602846,
    "NCF2": 0.02708186916563168,
    "SLC7A11": 0.02010983505980078,
    "TXNRD1": 0.1479905288076171
  },
  "gene_means": {
    "ARNT2": 143.7463046357616,
    "BACH1": 884.5461228476821,
    "EPO": 113.36347516556292,
    "G6PD": 1341.19230794702,
    "GC": 72855.82179834438,
    "GLRX2": 310.5706824503311,
    "GRB2": 3248.1548013245033,
    "GSR": 1121.6433006622517,
    "HK2": 322.45125629139073,
    "HMOX1": 2077.072940397351,
    "HMOX2": 1737.3072715231788,
    "ITGA6": 1822.5971423841058,
    "LDHA": 15304.800198675497,
    "MAFG": 594.7697662251655,
    "MSRA": 551.4549635761589,
    "NCF2": 297.56335033112583,
    "SLC7A11": 232.71936688741718,
    "SQSTM1": 44124.9501986755,
    "TBX5": 1.5064827814569537,
    "TXNRD1": 5380.192728476821
  },
  "gene_stds": {
    "ARNT2": 270.09826942064944,
    "BACH1": 554.088102509195,
    "EPO": 306.5747291665466,
    "G6PD": 2196.9876360762137,
    "GC": 44329.50344479912,
    "GLRX2": 176.2342537146565,
    "GRB2": 923.0577767459033,
    "GSR": 893.0011086910234,
    "HK2": 705.189987334256,
    "HMOX1": 5437.22036715079,
    "HMOX2": 1071.479410591546,
    "ITGA6": 1394.4636691348062,
    "LDHA": 7669.6777847914545,
    "MAFG": 376.15225293056426,
    "MSRA": 389.69824311372173,
    "NCF2": 377.5566479703498,
    "SLC7A11": 446.4555355894485,
    "SQSTM1": 53068.97380259786,
    "TBX5": 13.169021003390585,
    "TXNRD1": 5763.795015467007
  },
  "c_index_train": 0.6956401892773464,
  "cv_cindex_mean": 0.6542717874288846,
  "cv_cindex_std": 0.06912329740477031,
  "perm_p": 0.0,
  "n_patients": 302,
  "n_events": 129,
  "aic": 1277.60883954242,
  "cv_results": [
    {
      "penalizer": 0.001,
      "mean_cindex": 0.676931524245723,
      "std_cindex": 0.07032594061003086,
      "mean_ngenes": 20.0,
      "n_folds": 5
    },
    {
      "penalizer": 0.003,
      "mean_cindex": 0.6781098242619206,
      "std_cindex": 0.07141126532064056,
      "mean_ngenes": 20.0,
      "n_folds": 5
    },
    {
      "penalizer": 0.005,
      "mean_cindex": 0.6789699940612588,
      "std_cindex": 0.07075074625350712,
      "mean_ngenes": 19.8,
      "n_folds": 5
    },
    {
      "penalizer": 0.007,
      "mean_cindex": 0.6788341143835088,
      "std_cindex": 0.06900605474531521,
      "mean_ngenes": 19.4,
      "n_folds": 5
    },
    {
      "penalizer": 0.01,
      "mean_cindex": 0.6790049049414367,
      "std_cindex": 0.06780036803950332,
      "mean_ngenes": 19.0,
      "n_folds": 5
    },
    {
      "penalizer": 0.015,
      "mean_cindex": 0.6648128256185188,
      "std_cindex": 0.07001443474974632,
      "mean_ngenes": 18.0,
      "n_folds": 5
    },
    {
      "penalizer": 0.02,
      "mean_cindex": 0.6665005185511411,
      "std_cindex": 0.06744964384878059,
      "mean_ngenes": 17.2,
      "n_folds": 5
    },
    {
      "penalizer": 0.025,
      "mean_cindex": 0.6646399249126608,
      "std_cindex": 0.06115269248161636,
      "mean_ngenes": 16.2,
      "n_folds": 5
    },
    {
      "penalizer": 0.03,
      "mean_cindex": 0.6702267184239888,
      "std_cindex": 0.06232046686998665,
      "mean_ngenes": 15.2,
      "n_folds": 5
    },
    {
      "penalizer": 0.04,
      "mean_cindex": 0.6681884758544839,
      "std_cindex": 0.05388093770476651,
      "mean_ngenes": 13.8,
      "n_folds": 5
    },
    {
      "penalizer": 0.05,
      "mean_cindex": 0.6495029857889782,
      "std_cindex": 0.058472307578933215,
      "mean_ngenes": 13.8,
      "n_folds": 5
    },
    {
      "penalizer": 0.07,
      "mean_cindex": 0.6493006883097979,
      "std_cindex": 0.055051638343457505,
      "mean_ngenes": 10.4,
      "n_folds": 5
    },
    {
      "penalizer": 0.1,
      "mean_cindex": 0.6460049216833855,
      "std_cindex": 0.052435149617500225,
      "mean_ngenes": 5.6,
      "n_folds": 5
    }
  ]
}